subj.id,behavior,r.hand,l.hand,hand.score,hand.score.abs,gutt.score,dom.hand,sex
Aura,rubbing.behavior,5,15,-0.5,0.5,0,l,f
Cacao,rubbing.behavior,38,10,0.583333333,0.583333333,0,r,f
Dandi,rubbing.behavior,4,2,0.333333333,0.333333333,0,r,f
Granny,rubbing.behavior,101,67,0.202380952,0.202380952,0,r,f
Harley,rubbing.behavior,14,10,0.166666667,0.166666667,0,r,f
Iyla,rubbing.behavior,122,53,0.394285714,0.394285714,0,r,f
Jim_lim,rubbing.behavior,103,54,0.312101911,0.312101911,0,r,f
Kaya,rubbing.behavior,25,20,0.111111111,0.111111111,0,r,f
Lip,rubbing.behavior,18,14,0.125,0.125,0,r,f
Naina,rubbing.behavior,9,9,0,0,0,amb,f
Oreo,rubbing.behavior,12,6,0.333333333,0.333333333,0,r,f
Pinky,rubbing.behavior,35,30,0.076923077,0.076923077,0,r,f
Quindoline,rubbing.behavior,53,47,0.06,0.06,0,r,f
Robin,rubbing.behavior,62,23,0.458823529,0.458823529,0,r,f
Santa,rubbing.behavior,4,0,1,1,0,r,f
Taipan,rubbing.behavior,16,16,0,0,0,amb,f
Vula,rubbing.behavior,20,35,-0.272727273,0.272727273,0,l,f
Whitney,rubbing.behavior,13,19,-0.1875,0.1875,0,l,f
Yaiko,rubbing.behavior,31,17,0.291666667,0.291666667,0,r,f
Aura,food.pounding,12,0,1,1,0.2,r,f
Betina,food.pounding,0,7,-1,1,0.2,l,f
Cacao,food.pounding,3,0,1,1,0.2,r,f
Dandi,food.pounding,0,59,-1,1,0.2,l,f
Flame,food.pounding,0,6,-1,1,0.2,l,f
Granny,food.pounding,0,33,-1,1,0.2,l,f
Harley,food.pounding,0,25,-1,1,0.2,l,f
Iyla,food.pounding,85,1,0.976744186,0.976744186,0.2,r,f
Jim_lim,food.pounding,0,4,-1,1,0.2,l,f
Kaya,food.pounding,0,4,-1,1,0.2,l,f
Lip,food.pounding,0,3,-1,1,0.2,l,f
Manee,food.pounding,1,0,1,1,0.2,r,f
Naina,food.pounding,0,21,-1,1,0.2,l,f
Oreo,food.pounding,0,3,-1,1,0.2,l,f
Pinky,food.pounding,10,1,0.818181818,0.818181818,0.2,r,f
Quindoline,food.pounding,4,27,-0.741935484,0.741935484,0.2,l,f
Robin,food.pounding,0,37,-1,1,0.2,l,f
Santa,food.pounding,0,2,-1,1,0.2,l,f
Vula,food.pounding,0,1,-1,1,0.2,l,f
Whitney,food.pounding,18,0,1,1,0.2,r,f
Yaiko,food.pounding,6,0,1,1,0.2,r,f
Aura,food.washing,6,0,1,1,0.4,r,f
Betina,food.washing,1,0,1,1,0.4,r,f
Cacao,food.washing,1,5,-0.666666667,0.666666667,0.4,l,f
Dandi,food.washing,0,5,-1,1,0.4,l,f
Flame,food.washing,5,0,1,1,0.4,r,f
Granny,food.washing,15,1,0.875,0.875,0.4,r,f
Harley,food.washing,4,0,1,1,0.4,r,f
Iyla,food.washing,37,0,1,1,0.4,r,f
Jim_lim,food.washing,0,6,-1,1,0.4,l,f
Kaya,food.washing,28,2,0.866666667,0.866666667,0.4,r,f
Lip,food.washing,1,43,-0.954545455,0.954545455,0.4,l,f
Naina,food.washing,31,0,1,1,0.4,r,f
Oreo,food.washing,11,5,0.375,0.375,0.4,r,f
Pinky,food.washing,7,1,0.75,0.75,0.4,r,f
Robin,food.washing,29,1,0.933333333,0.933333333,0.4,r,f
Santa,food.washing,14,1,0.866666667,0.866666667,0.4,r,f
Taipan,food.washing,7,26,-0.575757576,0.575757576,0.4,l,f
Vula,food.washing,10,3,0.538461538,0.538461538,0.4,r,f
Whitney,food.washing,1,8,-0.777777778,0.777777778,0.4,l,f
Yaiko,food.washing,19,0,1,1,0.4,r,f
Betina,nut.cracking,0,3,-1,1,0.6,l,f
Cacao,nut.cracking,1,0,1,1,0.6,r,f
Dandi,nut.cracking,0,19,-1,1,0.6,l,f
Eina,nut.cracking,1,0,1,1,0.6,r,f
Flame,nut.cracking,0,1,-1,1,0.6,l,f
Granny,nut.cracking,0,18,-1,1,0.6,l,f
Harley,nut.cracking,0,2,-1,1,0.6,l,f
Iyla,nut.cracking,5,0,1,1,0.6,r,f
Kaya,nut.cracking,1,6,-0.714285714,0.714285714,0.6,l,f
Lip,nut.cracking,0,1,-1,1,0.6,l,f
Naina,nut.cracking,0,9,-1,1,0.6,l,f
Oreo,nut.cracking,0,2,-1,1,0.6,l,f
Pinky,nut.cracking,8,0,1,1,0.6,r,f
Quindoline,nut.cracking,11,0,1,1,0.6,r,f
Robin,nut.cracking,0,4,-1,1,0.6,l,f
Santa,nut.cracking,0,1,-1,1,0.6,l,f
Taipan,nut.cracking,3,0,1,1,0.6,r,f
Vula,nut.cracking,0,3,-1,1,0.6,l,f
Whitney,nut.cracking,5,0,1,1,0.6,r,f
Yaiko,nut.cracking,1,0,1,1,0.6,r,f
Aura,oyster.processing,1399,0,1,1,0.8,r,f
Betina,oyster.processing,0,224,-1,1,0.8,l,f
Cacao,oyster.processing,947,0,1,1,0.8,r,f
Dandi,oyster.processing,0,568,-1,1,0.8,l,f
Flame,oyster.processing,0,1241,-1,1,0.8,l,f
Granny,oyster.processing,0,1228,-1,1,0.8,l,f
Harley,oyster.processing,0,1106,-1,1,0.8,l,f
Iyla,oyster.processing,829,0,1,1,0.8,r,f
Jim_lim,oyster.processing,0,1177,-1,1,0.8,l,f
Kaya,oyster.processing,0,2195,-1,1,0.8,l,f
Lip,oyster.processing,0,2350,-1,1,0.8,l,f
Manee,oyster.processing,238,0,1,1,0.8,r,f
Naina,oyster.processing,0,1064,-1,1,0.8,l,f
Oreo,oyster.processing,0,399,-1,1,0.8,l,f
Pinky,oyster.processing,661,0,1,1,0.8,r,f
Quindoline,oyster.processing,1836,1,0.998911268,0.998911268,0.8,r,f
Robin,oyster.processing,0,1413,-1,1,0.8,l,f
Santa,oyster.processing,0,577,-1,1,0.8,l,f
Taipan,oyster.processing,867,0,1,1,0.8,r,f
Vula,oyster.processing,0,2107,-1,1,0.8,l,f
Whitney,oyster.processing,1577,0,1,1,0.8,r,f
Yaiko,oyster.processing,1276,0,1,1,0.8,r,f
Babosa,rubbing.behavior,2,2,0,0,0,amb,m
Belanda,rubbing.behavior,22,0,1,1,0,r,m
Pat,rubbing.behavior,2,3,-0.2,0.2,0,l,m
Tutu,rubbing.behavior,3,3,0,0,0,amb,m
Ali,food.pounding,1,0,1,1,0.2,r,m
Babosa,food.pounding,4,2,0.333333333,0.333333333,0.2,r,m
Belanda,food.pounding,39,0,1,1,0.2,r,m
Kal,food.pounding,6,0,1,1,0.2,r,m
Lady_boy,food.pounding,1,1,0,0,0.2,amb,m
Pat,food.pounding,0,1,-1,1,0.2,l,m
Ted,food.pounding,0,9,-1,1,0.2,l,m
Tin_tin,food.pounding,1,0,1,1,0.2,r,m
Tutu,food.pounding,4,0,1,1,0.2,r,m
Ali,food.washing,6,0,1,1,0.4,r,m
Babosa,food.washing,0,11,-1,1,0.4,l,m
Belanda,food.washing,1,15,-0.875,0.875,0.4,l,m
Kal,food.washing,26,0,1,1,0.4,r,m
Pat,food.washing,24,5,0.655172414,0.655172414,0.4,r,m
Ted,food.washing,0,4,-1,1,0.4,l,m
Ali,nut.cracking,3,0,1,1,0.6,r,m
Bat,nut.cracking,4,0,1,1,0.6,r,m
Belanda,nut.cracking,2,0,1,1,0.6,r,m
Boss,nut.cracking,19,0,1,1,0.6,r,m
Kal,nut.cracking,13,0,1,1,0.6,r,m
Pat,nut.cracking,5,0,1,1,0.6,r,m
Ted,nut.cracking,12,0,1,1,0.6,r,m
Who,nut.cracking,0,1,-1,1,0.6,l,m
Ali,oyster.processing,114,0,1,1,0.8,r,m
Babosa,oyster.processing,495,384,0.126279863,0.126279863,0.8,r,m
Bat,oyster.processing,285,0,1,1,0.8,r,m
Belanda,oyster.processing,11,0,1,1,0.8,r,m
Kal,oyster.processing,206,0,1,1,0.8,r,m
Pat,oyster.processing,129,0,1,1,0.8,r,m
Rambo,oyster.processing,0,3,-1,1,0.8,l,m
Ted,oyster.processing,247,0,1,1,0.8,r,m
Tin_tin,oyster.processing,41,0,1,1,0.8,r,m
Tutu,oyster.processing,359,2,0.988919668,0.988919668,0.8,r,m
