subj.id,focal.id.old,uni.id,date,time,gutt.score,right.hand,left.hand,total,n_trials,trial.id,HI
Aura,617,375,2024.10.21,NA,0.2,1,0,1,4,1,1
Aura,629,383,2024.10.23,NA,0.2,2,0,2,4,2,1
Aura,916,585,2024.12.15,NA,0.2,7,0,7,4,3,1
Aura,1259,630,2025.01.03,NA,0.2,1,0,1,4,4,1
Aura,568,43,2024.04.09,NA,0.8,9,0,9,32,1,1
Aura,60,63,2024.04.14,NA,0.8,40,0,40,32,2,1
Aura,136,96,2024.05.13,NA,0.8,67,0,67,32,3,1
Aura,171,117,2024.05.20,NA,0.8,95,0,95,32,4,1
Aura,196,137,2024.05.28,NA,0.8,46,0,46,32,5,1
Aura,585,151,2024.06.09,NA,0.8,28,0,28,32,6,1
Aura,262,159,2024.06.14,NA,0.8,105,0,105,32,7,1
Aura,279,171,2024.06.17,NA,0.8,62,0,62,32,8,1
Aura,324,205,2024.06.24,NA,0.8,44,0,44,32,9,1
Aura,348,237,2024.07.21,NA,0.8,31,0,31,32,10,1
Aura,362,245,2024.07.25,NA,0.8,46,0,46,32,11,1
Aura,443,255,2024.08.16,NA,0.8,3,0,3,32,12,1
Aura,451,263,2024.08.18,NA,0.8,31,0,31,32,13,1
Aura,466,279,2024.08.20,NA,0.8,26,0,26,32,14,1
Aura,479,281,2024.08.22,NA,0.8,2,0,2,32,15,1
Aura,497,298,2024.08.24,NA,0.8,10,0,10,32,16,1
Aura,522,306,2024.08.29,NA,0.8,62,0,62,32,17,1
Aura,116,321,2024.09.05,NA,0.8,50,0,50,32,18,1
Aura,891,329,2024.09.12,NA,0.8,65,0,65,32,19,1
Aura,413,351,2024.10.08,NA,0.8,33,0,33,32,20,1
Aura,595,360,2024.10.09,NA,0.8,18,0,18,32,21,1
Aura,617,374,2024.10.21,NA,0.8,1,0,1,32,22,1
Aura,629,382,2024.10.23,NA,0.8,31,0,31,32,23,1
Aura,659,422,2024.10.28,NA,0.8,11,0,11,32,24,1
Aura,257,554,2024.12.06,NA,0.8,37,0,37,32,25,1
Aura,956,606,2024.12.20,NA,0.8,9,0,9,32,26,1
Aura,1259,629,2025.01.03,NA,0.8,29,0,29,32,27,1
Aura,1118,697,2025.01.25,NA,0.8,32,0,32,32,28,1
Aura,1136,712,2025.01.27,NA,0.8,19,0,19,32,29,1
Aura,1331,793,2025.03.19,NA,0.8,83,0,83,32,30,1
Aura,1025,832,2025.07.01,NA,0.8,76,0,76,32,31,1
Aura,1053,863,2025.12.01,NA,0.8,41,0,41,32,32,1
Babosa,782,495,2024.11.18,NA,0.2,1,0,1,4,1,1
Babosa,1114,699,2025.01.25,NA,0.2,0,1,1,4,2,-1
Babosa,1031,843,2025.08.01,NA,0.2,1,0,1,4,3,1
Babosa,1307,853,2025.10.03,NA,0.2,0,1,1,4,4,-1
Babosa,NA,637,2025.01.06,NA,0.4,0,8,8,3,1,-1
Babosa,NA,645,2025.01.08,NA,0.4,0,3,3,3,2,-1
Babosa,1346,804,2025.03.21,NA,0.4,1,0,1,3,3,1
Babosa,397,217,2024.07.08,NA,0.8,67,67,79,15,1,0
Babosa,358,240,2024.07.23,NA,0.8,46,47,55,15,2,-0.010752688172043012
Babosa,610,369,2024.10.19,NA,0.8,18,15,23,15,3,0.09090909090909091
Babosa,664,423,2024.10.28,NA,0.8,32,30,35,15,4,0.03225806451612903
Babosa,902,479,2024.11.12,NA,0.8,27,25,52,15,5,0.038461538461538464
Babosa,782,494,2024.11.18,NA,0.8,6,15,21,15,6,-0.42857142857142855
Babosa,798,504,2024.11.21,NA,0.8,2,0,2,15,7,1
Babosa,820,524,2024.11.24,NA,0.8,5,0,5,15,8,1
Babosa,1099,688,2025.01.19,NA,0.8,14,16,25,15,9,-0.06666666666666667
Babosa,1114,698,2025.01.25,NA,0.8,16,11,23,15,10,0.18518518518518517
Babosa,1222,748,2025.02.22,NA,0.8,9,11,20,15,11,-0.1
Babosa,1346,803,2025.03.21,NA,0.8,18,11,25,15,12,0.2413793103448276
Babosa,1274,830,2025.05.03,NA,0.8,23,13,34,15,13,0.2777777777777778
Babosa,1031,842,2025.08.01,NA,0.8,32,17,44,15,14,0.30612244897959184
Babosa,1307,852,2025.10.03,NA,0.8,23,11,33,15,15,0.35294117647058826
Bat,653,411,2024.10.26,11:29:44,0.6,2,0,2,3,1,1
Bat,NA,449,2024.10.30,NA,0.6,1,0,1,3,2,1
Bat,NA,734,2025.02.16,14:38:00,0.6,1,0,1,3,3,1
Bat,12,29,2024.03.04,NA,0.8,38,0,38,9,1,1
Bat,65,67,2024.04.17,NA,0.8,42,0,42,9,2,1
Bat,187,130,2024.05.23,NA,0.8,63,0,63,9,3,1
Bat,103,322,2024.09.05,NA,0.8,4,0,4,9,4,1
Bat,653,412,2024.10.26,NA,0.8,19,0,19,9,5,1
Bat,769,496,2024.11.18,NA,0.8,5,0,5,9,6,1
Bat,739,571,2024.12.11,NA,0.8,62,0,62,9,7,1
Bat,1219,749,2025.02.22,NA,0.8,31,0,31,9,8,1
Bat,1236,762,2025.02.24,NA,0.8,21,0,21,9,9,1
Belanda,695,23,2024.02.11,NA,0.2,3,0,3,8,1,1
Belanda,870,227,2024.07.12,NA,0.2,3,0,3,8,2,1
Belanda,NA,282,2024.08.22,NA,0.2,1,0,1,8,3,1
Belanda,892,331,2024.09.12,NA,0.2,17,0,17,8,4,1
Belanda,NA,435,2024.10.29,NA,0.2,1,0,1,8,5,1
Belanda,992,723,2025.02.01,NA,0.2,11,0,11,8,6,1
Belanda,1306,854,2025.10.03,NA,0.2,4,0,4,8,7,1
Belanda,1043,857,2025.11.01,NA,0.2,1,0,1,8,8,1
Belanda,NA,216,2024.07.02,NA,0.6,1,0,1,2,1,1
Belanda,NA,332,2024.09.12,NA,0.6,1,0,1,2,2,1
Belanda,263,160,2024.06.14,NA,0.8,5,0,5,3,1,1
Belanda,870,226,2024.07.12,NA,0.8,4,0,4,3,2,1
Belanda,892,330,2024.09.12,NA,0.8,2,0,2,3,3,1
Betina,312,200,2024.06.22,NA,0.2,0,1,1,2,1,-1
Betina,669,437,2024.10.29,NA,0.2,0,5,5,2,2,-1
Betina,63,64,2024.04.14,NA,0.8,0,24,24,12,1,-1
Betina,74,68,2024.04.17,NA,0.8,0,6,6,12,2,-1
Betina,298,187,2024.06.19,NA,0.8,0,4,4,12,3,-1
Betina,312,199,2024.06.22,NA,0.8,0,75,75,12,4,-1
Betina,440,256,2024.08.16,NA,0.8,0,9,9,12,5,-1
Betina,467,283,2024.08.22,NA,0.8,0,1,1,12,6,-1
Betina,403,352,2024.10.08,NA,0.8,0,9,9,12,7,-1
Betina,642,400,2024.10.25,NA,0.8,0,7,7,12,8,-1
Betina,669,436,2024.10.29,NA,0.8,0,5,5,12,9,-1
Betina,795,505,2024.11.21,NA,0.8,0,10,10,12,10,-1
Betina,1204,738,2025.02.18,NA,0.8,0,24,24,12,11,-1
Betina,1218,740,2025.02.21,NA,0.8,0,15,15,12,12,-1
Dandi,693,14,2024.01.11,NA,0.2,0,2,2,8,1,-1
Dandi,722,49,2024.04.11,NA,0.2,0,7,7,8,2,-1
Dandi,616,378,2024.10.21,NA,0.2,0,2,2,8,3,-1
Dandi,651,414,2024.10.26,NA,0.2,0,2,2,8,4,-1
Dandi,686,450,2024.10.30,NA,0.2,0,2,2,8,5,-1
Dandi,771,497,2024.11.18,NA,0.2,0,1,1,8,6,-1
Dandi,805,514,2024.11.22,NA,0.2,0,1,1,8,7,-1
Dandi,816,526,2024.11.24,NA,0.2,0,1,1,8,8,-1
Dandi,NA,635,2025.01.05,NA,0.4,0,3,3,2,1,-1
Dandi,NA,638,2025.01.06,NA,0.4,0,2,2,2,2,-1
Dandi,667,421,2024.10.28,16:45:15,0.6,0,2,2,6,1,-1
Dandi,693,458,2024.11.01,15:23:16,0.6,0,1,1,6,2,-1
Dandi,NA,461,2024.11.04,NA,0.6,0,1,1,6,3,-1
Dandi,734,478,2024.11.12,09:48:04,0.6,0,1,1,6,4,-1
Dandi,922,584,2024.12.15,10:17:32,0.6,0,3,3,6,5,-1
Dandi,NA,586,2024.12.15,NA,0.6,0,1,1,6,6,-1
Dandi,693,13,2024.01.11,NA,0.8,0,1,1,21,1,-1
Dandi,551,19,2024.02.09,NA,0.8,0,19,19,21,2,-1
Dandi,13,31,2024.03.04,NA,0.8,0,44,44,21,3,-1
Dandi,722,48,2024.04.11,NA,0.8,0,1,1,21,4,-1
Dandi,62,65,2024.04.14,NA,0.8,0,26,26,21,5,-1
Dandi,71,69,2024.04.17,NA,0.8,0,8,8,21,6,-1
Dandi,158,111,2024.05.17,NA,0.8,0,9,9,21,7,-1
Dandi,30,141,2024.06.04,NA,0.8,0,8,8,21,8,-1
Dandi,573,152,2024.06.09,NA,0.8,0,3,3,21,9,-1
Dandi,283,172,2024.06.17,NA,0.8,0,1,1,21,10,-1
Dandi,500,299,2024.08.24,NA,0.8,0,1,1,21,11,-1
Dandi,244,343,2024.10.06,NA,0.8,0,20,20,21,12,-1
Dandi,616,377,2024.10.21,NA,0.8,0,6,6,21,13,-1
Dandi,651,413,2024.10.26,NA,0.8,0,11,11,21,14,-1
Dandi,667,424,2024.10.28,NA,0.8,0,1,1,21,15,-1
Dandi,417,469,2024.11.08,NA,0.8,0,71,71,21,16,-1
Dandi,805,513,2024.11.22,NA,0.8,0,4,4,21,17,-1
Dandi,816,525,2024.11.24,NA,0.8,0,3,3,21,18,-1
Dandi,913,579,2024.12.13,NA,0.8,0,12,12,21,19,-1
Dandi,1221,750,2025.02.22,NA,0.8,0,5,5,21,20,-1
Dandi,1006,822,2025.05.01,NA,0.8,0,4,4,21,21,-1
Flame,888,334,2024.09.12,NA,0.2,0,1,1,5,1,-1
Flame,731,475,2024.11.11,NA,0.2,0,1,1,5,2,-1
Flame,938,597,2024.12.18,NA,0.2,0,1,1,5,3,-1
Flame,952,601,2024.12.19,NA,0.2,0,1,1,5,4,-1
Flame,1103,692,2025.01.20,NA,0.2,0,1,1,5,5,-1
Flame,692,15,2024.01.11,NA,0.8,0,23,23,28,1,-1
Flame,554,20,2024.02.09,NA,0.8,0,5,5,28,2,-1
Flame,14,32,2024.03.04,NA,0.8,0,54,54,28,3,-1
Flame,557,44,2024.04.09,NA,0.8,0,2,2,28,4,-1
Flame,66,70,2024.04.17,NA,0.8,0,30,30,28,5,-1
Flame,864,93,2024.05.12,NA,0.8,0,4,4,28,6,-1
Flame,137,97,2024.05.13,NA,0.8,0,97,97,28,7,-1
Flame,149,102,2024.05.16,NA,0.8,0,22,22,28,8,-1
Flame,375,144,2024.06.08,NA,0.8,0,77,77,28,9,-1
Flame,282,173,2024.06.17,NA,0.8,0,47,47,28,10,-1
Flame,587,222,2024.07.09,NA,0.8,0,23,23,28,11,-1
Flame,456,264,2024.08.18,NA,0.8,0,35,35,28,12,-1
Flame,888,333,2024.09.12,NA,0.8,0,28,28,28,13,-1
Flame,247,465,2024.11.06,NA,0.8,0,33,33,28,14,-1
Flame,420,470,2024.11.08,NA,0.8,0,11,11,28,15,-1
Flame,731,474,2024.11.11,NA,0.8,0,14,14,28,16,-1
Flame,830,537,2024.11.27,NA,0.8,0,71,71,28,17,-1
Flame,57,549,2024.12.04,NA,0.8,0,51,51,28,18,-1
Flame,915,580,2024.12.13,NA,0.8,0,18,18,28,19,-1
Flame,938,596,2024.12.18,NA,0.8,0,5,5,28,20,-1
Flame,965,611,2024.12.22,NA,0.8,0,81,81,28,21,-1
Flame,983,621,2025.01.01,NA,0.8,0,83,83,28,22,-1
Flame,1103,691,2025.01.20,NA,0.8,0,62,62,28,23,-1
Flame,1137,713,2025.01.27,NA,0.8,0,43,43,28,24,-1
Flame,1160,727,2025.02.02,NA,0.8,0,70,70,28,25,-1
Flame,1193,736,2025.02.17,NA,0.8,0,67,67,28,26,-1
Flame,1237,763,2025.02.24,NA,0.8,0,60,60,28,27,-1
Flame,1056,864,2025.12.01,NA,0.8,0,67,67,28,28,-1
Granny,849,28,2024.02.12,NA,0.2,0,2,2,9,1,-1
Granny,709,51,2024.04.11,NA,0.2,0,4,4,9,2,-1
Granny,308,192,2024.06.21,NA,0.2,0,1,1,9,3,-1
Granny,630,385,2024.10.23,NA,0.2,0,9,9,9,4,-1
Granny,641,403,2024.10.25,NA,0.2,0,1,1,9,5,-1
Granny,766,493,2024.11.16,NA,0.2,0,2,2,9,6,-1
Granny,822,528,2024.11.24,NA,0.2,0,5,5,9,7,-1
Granny,955,608,2024.12.20,NA,0.2,0,2,2,9,8,-1
Granny,1041,859,2025.11.01,NA,0.2,0,1,1,9,9,-1
Granny,NA,652,2025.01.11,NA,0.4,5,0,5,3,1,1
Granny,NA,658,2025.01.12,NA,0.4,5,0,5,3,2,1
Granny,NA,751,2025.02.22,NA,0.4,5,1,5,3,3,0.6666666666666666
Granny,22,38,2024.04.04,12:12:29,0.6,0,2,2,13,1,-1
Granny,NA,379,2024.10.21,NA,0.6,0,1,1,13,2,-1
Granny,NA,386,2024.10.23,NA,0.6,0,1,1,13,3,-1
Granny,NA,387,2024.10.23,NA,0.6,0,1,1,13,4,-1
Granny,NA,388,2024.10.23,NA,0.6,0,1,1,13,5,-1
Granny,NA,466,2024.11.06,NA,0.6,0,1,1,13,6,-1
Granny,802,502,2024.11.21,11:40:53,0.6,0,3,3,13,7,-1
Granny,NA,566,2024.12.09,NA,0.6,0,1,1,13,8,-1
Granny,NA,714,2025.01.27,NA,0.6,0,1,1,13,9,-1
Granny,NA,715,2025.01.27,NA,0.6,0,1,1,13,10,-1
Granny,NA,716,2025.01.27,NA,0.6,0,1,1,13,11,-1
Granny,NA,722,2025.01.31,NA,0.6,0,1,1,13,12,-1
Granny,NA,728,2025.02.02,NA,0.6,0,1,1,13,13,-1
Granny,366,5,2024.01.08,NA,0.8,0,27,27,30,1,-1
Granny,849,27,2024.02.12,NA,0.8,0,3,3,30,2,-1
Granny,709,50,2024.04.11,NA,0.8,0,38,38,30,3,-1
Granny,385,145,2024.06.08,NA,0.8,0,48,48,30,4,-1
Granny,308,191,2024.06.21,NA,0.8,0,35,35,30,5,-1
Granny,871,228,2024.07.12,NA,0.8,0,57,57,30,6,-1
Granny,351,241,2024.07.23,NA,0.8,0,30,30,30,7,-1
Granny,438,252,2024.08.15,NA,0.8,0,3,3,30,8,-1
Granny,448,265,2024.08.18,NA,0.8,0,19,19,30,9,-1
Granny,460,274,2024.08.19,NA,0.8,0,74,74,30,10,-1
Granny,469,284,2024.08.22,NA,0.8,0,32,32,30,11,-1
Granny,525,307,2024.08.29,NA,0.8,0,13,13,30,12,-1
Granny,535,314,2024.08.30,NA,0.8,0,31,31,30,13,-1
Granny,114,323,2024.09.05,NA,0.8,0,47,47,30,14,-1
Granny,889,335,2024.09.12,NA,0.8,0,56,56,30,15,-1
Granny,608,361,2024.10.09,NA,0.8,0,50,50,30,16,-1
Granny,613,370,2024.10.19,NA,0.8,0,55,55,30,17,-1
Granny,630,384,2024.10.23,NA,0.8,0,32,32,30,18,-1
Granny,641,402,2024.10.25,NA,0.8,0,26,26,30,19,-1
Granny,657,415,2024.10.26,NA,0.8,0,12,12,30,20,-1
Granny,672,438,2024.10.29,NA,0.8,0,5,5,30,21,-1
Granny,766,492,2024.11.16,NA,0.8,0,1,1,30,22,-1
Granny,822,527,2024.11.24,NA,0.8,0,5,5,30,23,-1
Granny,422,560,2024.12.08,NA,0.8,0,42,42,30,24,-1
Granny,914,581,2024.12.13,NA,0.8,0,39,39,30,25,-1
Granny,955,607,2024.12.20,NA,0.8,0,5,5,30,26,-1
Granny,982,622,2025.01.01,NA,0.8,0,75,75,30,27,-1
Granny,1105,693,2025.01.20,NA,0.8,0,68,68,30,28,-1
Granny,1308,855,2025.10.03,NA,0.8,0,24,24,30,29,-1
Granny,1041,858,2025.11.01,NA,0.8,0,53,53,30,30,-1
Harley,691,17,2024.01.11,NA,0.2,0,2,2,6,1,-1
Harley,853,59,2024.04.12,NA,0.2,0,1,1,6,2,-1
Harley,671,440,2024.10.29,NA,0.2,0,4,4,6,3,-1
Harley,846,542,2024.11.30,NA,0.2,0,9,9,6,4,-1
Harley,737,573,2024.12.11,NA,0.2,0,3,3,6,5,-1
Harley,951,602,2024.12.19,NA,0.2,0,4,4,6,6,-1
Harley,951,603,2024.12.19,NA,0.4,3,0,3,2,1,1
Harley,NA,609,2024.12.20,NA,0.4,1,0,1,2,2,1
Harley,691,457,2024.11.01,14:36:09,0.6,0,1,1,2,1,-1
Harley,NA,460,2024.11.01,NA,0.6,0,1,1,2,2,-1
Harley,691,16,2024.01.11,NA,0.8,0,6,6,19,1,-1
Harley,570,45,2024.04.09,NA,0.8,0,33,33,19,2,-1
Harley,61,66,2024.04.14,NA,0.8,0,52,52,19,3,-1
Harley,232,88,2024.05.06,NA,0.8,0,49,49,19,4,-1
Harley,153,103,2024.05.16,NA,0.8,0,43,43,19,5,-1
Harley,173,119,2024.05.20,NA,0.8,0,76,76,19,6,-1
Harley,197,138,2024.05.28,NA,0.8,0,15,15,19,7,-1
Harley,376,146,2024.06.08,NA,0.8,0,40,40,19,8,-1
Harley,261,162,2024.06.14,NA,0.8,0,65,65,19,9,-1
Harley,281,174,2024.06.17,NA,0.8,0,52,52,19,10,-1
Harley,531,315,2024.08.30,NA,0.8,0,45,45,19,11,-1
Harley,671,439,2024.10.29,NA,0.8,0,28,28,19,12,-1
Harley,846,541,2024.11.30,NA,0.8,0,2,2,19,13,-1
Harley,737,572,2024.12.11,NA,0.8,0,19,19,19,14,-1
Harley,912,582,2024.12.13,NA,0.8,0,23,23,19,15,-1
Harley,927,591,2024.12.16,NA,0.8,0,2,2,19,16,-1
Harley,1082,676,2025.01.16,NA,0.8,0,48,48,19,17,-1
Harley,1109,700,2025.01.25,NA,0.8,0,6,6,19,18,-1
Harley,1284,836,2025.07.03,NA,0.8,0,18,18,19,19,-1
Iyla,140,101,2024.05.14,NA,0,42,5,47,3,1,0.7872340425531915
Iyla,164,120,2024.05.20,NA,0,6,4,7,3,2,0.2
Iyla,1357,810,2025.03.24,NA,0,27,11,37,3,3,0.42105263157894735
Iyla,855,61,2024.04.12,NA,0.2,3,1,4,10,1,0.5
Iyla,325,207,2024.06.24,NA,0.2,1,0,1,10,2,1
Iyla,875,229,2024.07.12,NA,0.2,1,0,1,10,3,1
Iyla,627,390,2024.10.23,NA,0.2,3,0,3,10,4,1
Iyla,670,442,2024.10.29,NA,0.2,9,0,9,10,5,1
Iyla,675,443,2024.10.29,NA,0.2,1,0,1,10,6,1
Iyla,828,534,2024.11.26,NA,0.2,27,0,27,10,7,1
Iyla,736,574,2024.12.11,NA,0.2,15,0,15,10,8,1
Iyla,981,624,2025.01.01,NA,0.2,5,0,5,10,9,1
Iyla,1285,838,2025.07.03,NA,0.2,1,0,1,10,10,1
Iyla,NA,625,2025.01.01,NA,0.4,4,0,4,4,1,1
Iyla,NA,627,2025.01.02,NA,0.4,3,0,3,4,2,1
Iyla,NA,639,2025.01.06,NA,0.4,8,0,8,4,3,1
Iyla,NA,668,2025.01.15,NA,0.4,22,0,22,4,4,1
Iyla,NA,416,2024.10.26,NA,0.6,1,0,1,5,1,1
Iyla,NA,467,2024.11.06,NA,0.6,1,0,1,5,2,1
Iyla,NA,515,2024.11.22,NA,0.6,1,0,1,5,3,1
Iyla,948,595,2024.12.18,15:36:49,0.6,1,0,1,5,4,1
Iyla,NA,776,2025.03.03,NA,0.6,1,0,1,5,5,1
Iyla,855,60,2024.04.12,NA,0.8,39,0,39,22,1,1
Iyla,67,71,2024.04.17,NA,0.8,27,0,27,22,2,1
Iyla,89,75,2024.04.18,NA,0.8,11,0,11,22,3,1
Iyla,100,82,2024.04.19,NA,0.8,2,0,2,22,4,1
Iyla,162,112,2024.05.17,NA,0.8,27,0,27,22,5,1
Iyla,31,142,2024.06.04,NA,0.8,38,0,38,22,6,1
Iyla,285,175,2024.06.17,NA,0.8,68,0,68,22,7,1
Iyla,309,193,2024.06.21,NA,0.8,13,0,13,22,8,1
Iyla,325,206,2024.06.24,NA,0.8,1,0,1,22,9,1
Iyla,463,275,2024.08.19,NA,0.8,9,0,9,22,10,1
Iyla,481,285,2024.08.22,NA,0.8,3,0,3,22,11,1
Iyla,496,291,2024.08.23,NA,0.8,8,0,8,22,12,1
Iyla,115,324,2024.09.05,NA,0.8,38,0,38,22,13,1
Iyla,239,344,2024.10.06,NA,0.8,3,0,3,22,14,1
Iyla,415,354,2024.10.08,NA,0.8,25,0,25,22,15,1
Iyla,596,362,2024.10.09,NA,0.8,13,0,13,22,16,1
Iyla,627,389,2024.10.23,NA,0.8,46,0,46,22,17,1
Iyla,670,441,2024.10.29,NA,0.8,12,0,12,22,18,1
Iyla,259,556,2024.12.06,NA,0.8,6,0,6,22,19,1
Iyla,981,623,2025.01.01,NA,0.8,8,0,8,22,20,1
Iyla,1353,809,2025.03.24,NA,0.8,27,0,27,22,21,1
Iyla,1285,837,2025.07.03,NA,0.8,2,0,2,22,22,1
Jim_lim,163,121,2024.05.20,NA,0,16,4,20,3,1,0.6
Jim_lim,1279,778,2025.03.05,NA,0,17,6,23,3,2,0.4782608695652174
Jim_lim,NA,795,2025.03.20,NA,0,7,6,17,3,3,0.07692307692307693
Jim_lim,628,392,2024.10.23,NA,0.2,0,1,1,2,1,-1
Jim_lim,783,501,2024.11.19,NA,0.2,0,1,1,2,2,-1
Jim_lim,628,393,2024.10.23,NA,0.4,0,1,1,2,1,-1
Jim_lim,NA,659,2025.01.12,NA,0.4,0,6,6,2,2,-1
Jim_lim,367,6,2024.01.08,NA,0.8,0,24,24,27,1,-1
Jim_lim,708,24,2024.02.11,NA,0.8,0,11,11,27,2,-1
Jim_lim,720,52,2024.04.11,NA,0.8,0,2,2,27,3,-1
Jim_lim,82,76,2024.04.18,NA,0.8,0,24,24,27,4,-1
Jim_lim,147,104,2024.05.16,NA,0.8,0,48,48,27,5,-1
Jim_lim,184,131,2024.05.23,NA,0.8,0,63,63,27,6,-1
Jim_lim,726,157,2024.06.11,NA,0.8,0,2,2,27,7,-1
Jim_lim,303,194,2024.06.21,NA,0.8,0,6,6,27,8,-1
Jim_lim,332,212,2024.06.29,NA,0.8,0,1,1,27,9,-1
Jim_lim,867,230,2024.07.12,NA,0.8,0,63,63,27,10,-1
Jim_lim,439,257,2024.08.16,NA,0.8,0,48,48,27,11,-1
Jim_lim,457,266,2024.08.18,NA,0.8,0,4,4,27,12,-1
Jim_lim,488,292,2024.08.23,NA,0.8,0,12,12,27,13,-1
Jim_lim,246,345,2024.10.06,NA,0.8,0,19,19,27,14,-1
Jim_lim,609,363,2024.10.09,NA,0.8,0,17,17,27,15,-1
Jim_lim,611,371,2024.10.19,NA,0.8,0,53,53,27,16,-1
Jim_lim,620,380,2024.10.21,NA,0.8,0,6,6,27,17,-1
Jim_lim,628,391,2024.10.23,NA,0.8,0,31,31,27,18,-1
Jim_lim,649,404,2024.10.25,NA,0.8,0,1,1,27,19,-1
Jim_lim,808,516,2024.11.22,NA,0.8,0,2,2,27,20,-1
Jim_lim,423,561,2024.12.08,NA,0.8,0,4,4,27,21,-1
Jim_lim,917,587,2024.12.15,NA,0.8,0,1,1,27,22,-1
Jim_lim,1113,701,2025.01.25,NA,0.8,0,6,6,27,23,-1
Jim_lim,1286,839,2025.07.03,NA,0.8,0,27,27,27,24,-1
Jim_lim,1032,845,2025.08.01,NA,0.8,0,55,55,27,25,-1
Jim_lim,1293,848,2025.09.03,NA,0.8,0,53,53,27,26,-1
Jim_lim,1044,860,2025.11.01,NA,0.8,0,59,59,27,27,-1
Kal,NA,636,2025.01.05,NA,0.4,2,0,2,4,1,1
Kal,NA,640,2025.01.06,NA,0.4,10,0,10,4,2,1
Kal,NA,653,2025.01.11,NA,0.4,6,0,6,4,3,1
Kal,NA,706,2025.01.26,NA,0.4,8,0,8,4,4,1
Kal,NA,1,2023.05.13,11:30:00,0.6,1,0,1,11,1,1
Kal,NA,326,2024.09.10,NA,0.6,1,0,1,11,2,1
Kal,NA,327,2024.09.10,NA,0.6,1,0,1,11,3,1
Kal,NA,487,2024.11.15,NA,0.6,1,0,1,11,4,1
Kal,NA,567,2024.12.09,NA,0.6,1,0,1,11,5,1
Kal,NA,568,2024.12.09,NA,0.6,1,0,1,11,6,1
Kal,NA,569,2024.12.09,NA,0.6,1,0,1,11,7,1
Kal,NA,592,2024.12.16,NA,0.6,1,0,1,11,8,1
Kal,NA,660,2025.01.12,NA,0.6,1,0,1,11,9,1
Kal,NA,711,2025.01.27,14:48:00,0.6,3,0,3,11,10,1
Kal,NA,726,2025.02.02,14:48:00,0.6,1,0,1,11,11,1
Kal,314,201,2024.06.22,NA,0.8,40,0,40,5,1,1
Kal,1126,705,2025.01.26,NA,0.8,49,0,49,5,2,1
Kal,1159,729,2025.02.02,NA,0.8,30,0,30,5,3,1
Kal,1283,840,2025.07.03,NA,0.8,32,0,32,5,4,1
Kal,1040,861,2025.11.01,NA,0.8,55,0,55,5,5,1
Lip,865,95,2024.05.12,NA,0.2,0,1,1,3,1,-1
Lip,572,154,2024.06.09,NA,0.2,0,1,1,3,2,-1
Lip,1158,731,2025.02.02,NA,0.2,0,1,1,3,3,-1
Lip,NA,641,2025.01.06,NA,0.4,0,17,17,3,1,-1
Lip,NA,661,2025.01.12,NA,0.4,0,16,16,3,2,-1
Lip,NA,671,2025.01.15,NA,0.4,0,11,11,3,3,-1
Lip,335,3,2024.01.07,NA,0.8,0,77,77,32,1,-1
Lip,365,7,2024.01.08,NA,0.8,0,91,91,32,2,-1
Lip,553,21,2024.02.09,NA,0.8,0,76,76,32,3,-1
Lip,68,72,2024.04.17,NA,0.8,0,89,89,32,4,-1
Lip,85,78,2024.04.18,NA,0.8,0,33,33,32,5,-1
Lip,233,89,2024.05.06,NA,0.8,0,51,51,32,6,-1
Lip,865,94,2024.05.12,NA,0.8,0,6,6,32,7,-1
Lip,154,105,2024.05.16,NA,0.8,0,50,50,32,8,-1
Lip,193,139,2024.05.28,NA,0.8,0,61,61,32,9,-1
Lip,572,153,2024.06.09,NA,0.8,0,11,11,32,10,-1
Lip,274,166,2024.06.15,NA,0.8,0,112,112,32,11,-1
Lip,289,183,2024.06.18,NA,0.8,0,54,54,32,12,-1
Lip,302,196,2024.06.21,NA,0.8,0,81,81,32,13,-1
Lip,323,208,2024.06.24,NA,0.8,0,131,131,32,14,-1
Lip,330,213,2024.06.29,NA,0.8,0,91,91,32,15,-1
Lip,359,242,2024.07.23,NA,0.8,0,108,108,32,16,-1
Lip,441,259,2024.08.16,NA,0.8,0,98,98,32,17,-1
Lip,449,268,2024.08.18,NA,0.8,0,98,98,32,18,-1
Lip,464,280,2024.08.20,NA,0.8,0,92,92,32,19,-1
Lip,483,293,2024.08.23,NA,0.8,0,14,14,32,20,-1
Lip,507,301,2024.08.27,NA,0.8,0,50,50,32,21,-1
Lip,526,308,2024.08.29,NA,0.8,0,14,14,32,22,-1
Lip,529,317,2024.08.30,NA,0.8,0,36,36,32,23,-1
Lip,644,405,2024.10.25,NA,0.8,0,69,69,32,24,-1
Lip,755,485,2024.11.14,NA,0.8,0,101,101,32,25,-1
Lip,256,557,2024.12.06,NA,0.8,0,71,71,32,26,-1
Lip,427,563,2024.12.08,NA,0.8,0,104,104,32,27,-1
Lip,1067,670,2025.01.15,NA,0.8,0,57,57,32,28,-1
Lip,1121,708,2025.01.26,NA,0.8,0,59,59,32,29,-1
Lip,1158,730,2025.02.02,NA,0.8,0,35,35,32,30,-1
Lip,1345,805,2025.03.21,NA,0.8,0,23,23,32,31,-1
Lip,1007,823,2025.05.01,NA,0.8,0,94,94,32,32,-1
Naina,673,444,2024.10.29,NA,0.2,0,17,17,2,1,-1
Naina,738,576,2024.12.11,NA,0.2,0,4,4,2,2,-1
Naina,NA,617,2024.12.30,NA,0.4,1,0,1,4,1,1
Naina,NA,673,2025.01.15,NA,0.4,18,0,18,4,2,1
Naina,NA,689,2025.01.19,NA,0.4,11,0,11,4,3,1
Naina,1320,789,2025.03.14,NA,0.4,1,0,1,4,4,1
Naina,231,143,2024.06.05,14:52:18,0.6,0,1,1,8,1,-1
Naina,NA,288,2024.08.22,NA,0.6,0,1,1,8,2,-1
Naina,NA,395,2024.10.23,NA,0.6,0,1,1,8,3,-1
Naina,NA,417,2024.10.26,NA,0.6,0,1,1,8,4,-1
Naina,NA,426,2024.10.28,NA,0.6,0,1,1,8,5,-1
Naina,NA,427,2024.10.28,NA,0.6,0,1,1,8,6,-1
Naina,NA,783,2025.03.09,15:00:00,0.6,0,1,1,8,7,-1
Naina,NA,784,2025.03.09,NA,0.6,0,1,1,8,8,-1
Naina,854,62,2024.04.12,NA,0.8,0,4,4,29,1,-1
Naina,96,83,2024.04.19,NA,0.8,0,11,11,29,2,-1
Naina,583,155,2024.06.09,NA,0.8,0,40,40,29,3,-1
Naina,284,177,2024.06.17,NA,0.8,0,40,40,29,4,-1
Naina,387,219,2024.07.08,NA,0.8,0,3,3,29,5,-1
Naina,591,223,2024.07.09,NA,0.8,0,36,36,29,6,-1
Naina,360,246,2024.07.25,NA,0.8,0,1,1,29,7,-1
Naina,435,249,2024.08.13,NA,0.8,0,4,4,29,8,-1
Naina,453,269,2024.08.18,NA,0.8,0,66,66,29,9,-1
Naina,480,287,2024.08.22,NA,0.8,0,8,8,29,10,-1
Naina,504,302,2024.08.27,NA,0.8,0,2,2,29,11,-1
Naina,518,309,2024.08.29,NA,0.8,0,4,4,29,12,-1
Naina,537,318,2024.08.30,NA,0.8,0,9,9,29,13,-1
Naina,414,355,2024.10.08,NA,0.8,0,2,2,29,14,-1
Naina,592,365,2024.10.09,NA,0.8,0,1,1,29,15,-1
Naina,754,486,2024.11.14,NA,0.8,0,82,82,29,16,-1
Naina,847,543,2024.11.30,NA,0.8,0,4,4,29,17,-1
Naina,738,575,2024.12.11,NA,0.8,0,18,18,29,18,-1
Naina,978,616,2024.12.30,NA,0.8,0,20,20,29,19,-1
Naina,1058,672,2025.01.15,NA,0.8,0,30,30,29,20,-1
Naina,1119,702,2025.01.25,NA,0.8,0,55,55,29,21,-1
Naina,1135,717,2025.01.27,NA,0.8,0,58,58,29,22,-1
Naina,1238,764,2025.02.24,NA,0.8,0,35,35,29,23,-1
Naina,1320,788,2025.03.14,NA,0.8,0,39,39,29,24,-1
Naina,1344,797,2025.03.20,NA,0.8,0,21,21,29,25,-1
Naina,1363,814,2025.03.26,NA,0.8,0,20,20,29,26,-1
Naina,1369,818,2025.03.27,NA,0.8,0,2,2,29,27,-1
Naina,1027,833,2025.07.01,NA,0.8,0,45,45,29,28,-1
Naina,1292,849,2025.09.03,NA,0.8,0,26,26,29,29,-1
Oreo,668,446,2024.10.29,NA,0.2,0,1,1,2,1,-1
Oreo,1002,825,2025.05.01,NA,0.2,0,1,1,2,2,-1
Oreo,NA,211,2024.06.29,08:28:00,0.4,1,0,1,2,1,1
Oreo,NA,694,2025.01.20,NA,0.4,11,5,14,2,2,0.375
Oreo,NA,396,2024.10.23,NA,0.6,0,1,1,2,1,-1
Oreo,NA,481,2024.11.12,NA,0.6,0,1,1,2,2,-1
Oreo,364,8,2024.01.08,NA,0.8,0,32,32,12,1,-1
Oreo,539,22,2024.02.09,NA,0.8,0,1,1,12,2,-1
Oreo,2,34,2024.03.18,NA,0.8,0,5,5,12,3,-1
Oreo,97,84,2024.04.19,NA,0.8,0,23,23,12,4,-1
Oreo,186,133,2024.05.23,NA,0.8,0,61,61,12,5,-1
Oreo,315,202,2024.06.22,NA,0.8,0,9,9,12,6,-1
Oreo,236,346,2024.10.06,NA,0.8,0,29,29,12,7,-1
Oreo,594,366,2024.10.09,NA,0.8,0,15,15,12,8,-1
Oreo,612,372,2024.10.19,NA,0.8,0,38,38,12,9,-1
Oreo,668,445,2024.10.29,NA,0.8,0,17,17,12,10,-1
Oreo,419,471,2024.11.08,NA,0.8,0,68,68,12,11,-1
Oreo,1002,824,2025.05.01,NA,0.8,0,1,1,12,12,-1
Pat,177,129,2024.05.21,NA,0,5,1,6,2,1,0.6666666666666666
Pat,1337,799,2025.03.20,NA,0,2,3,5,2,2,-0.2
Pat,837,539,2024.11.29,NA,0.2,0,1,1,3,1,-1
Pat,997,771,2025.03.01,NA,0.2,1,0,1,3,2,1
Pat,1361,816,2025.03.26,NA,0.2,1,0,1,3,3,1
Pat,NA,642,2025.01.06,NA,0.4,6,0,6,3,1,1
Pat,NA,662,2025.01.12,NA,0.4,1,0,1,3,2,1
Pat,NA,674,2025.01.15,NA,0.4,17,5,17,3,3,0.5454545454545454
Pat,688,448,2024.10.30,14:56:01,0.6,1,0,1,5,1,1
Pat,NA,488,2024.11.15,NA,0.6,1,0,1,5,2,1
Pat,NA,489,2024.11.15,NA,0.6,1,0,1,5,3,1
Pat,NA,490,2024.11.15,NA,0.6,1,0,1,5,4,1
Pat,1231,745,2025.02.22,16:14:42,0.6,1,0,1,5,5,1
Pat,5,35,2024.03.20,NA,0.8,4,0,4,11,1,1
Pat,524,310,2024.08.29,NA,0.8,2,0,2,11,2,1
Pat,886,336,2024.09.12,NA,0.8,9,0,9,11,3,1
Pat,643,406,2024.10.25,NA,0.8,31,0,31,11,4,1
Pat,688,451,2024.10.30,NA,0.8,3,0,3,11,5,1
Pat,809,517,2024.11.22,NA,0.8,10,0,10,11,6,1
Pat,837,538,2024.11.29,NA,0.8,4,0,4,11,7,1
Pat,1239,765,2025.02.24,NA,0.8,10,0,10,11,8,1
Pat,997,770,2025.03.01,NA,0.8,1,0,1,11,9,1
Pat,1330,794,2025.03.19,NA,0.8,54,0,54,11,10,1
Pat,1361,815,2025.03.26,NA,0.8,1,0,1,11,11,1
Pinky,44,53,2024.04.11,NA,0,19,0,19,3,1,1
Pinky,167,122,2024.05.20,NA,0,1,1,1,3,2,0
Pinky,1349,806,2025.03.23,NA,0,7,6,7,3,3,0.07692307692307693
Pinky,728,477,2024.11.11,NA,0.2,5,0,5,5,1,1
Pinky,793,508,2024.11.21,NA,0.2,0,1,1,5,2,-1
Pinky,838,540,2024.11.29,NA,0.2,1,0,1,5,3,1
Pinky,966,613,2024.12.22,NA,0.2,3,0,3,5,4,1
Pinky,1008,826,2025.05.01,NA,0.2,2,0,2,5,5,1
Pinky,NA,654,2025.01.11,NA,0.4,2,0,2,2,1,1
Pinky,NA,752,2025.02.22,NA,0.4,5,1,5,2,2,0.6666666666666666
Pinky,NA,214,2024.06.29,NA,0.6,1,0,1,7,1,1
Pinky,NA,397,2024.10.23,NA,0.6,1,0,1,7,2,1
Pinky,665,420,2024.10.28,16:01:26,0.6,1,0,1,7,3,1
Pinky,NA,570,2024.12.09,NA,0.6,1,0,1,7,4,1
Pinky,NA,650,2025.01.11,08:38:00,0.6,1,0,1,7,5,1
Pinky,NA,769,2025.02.27,11:52:00,0.6,1,0,1,7,6,1
Pinky,NA,781,2025.03.06,16:51:00,0.6,2,0,2,7,7,1
Pinky,20,39,2024.04.04,NA,0.8,8,0,8,18,1,1
Pinky,234,90,2024.05.06,NA,0.8,87,0,87,18,2,1
Pinky,151,106,2024.05.16,NA,0.8,15,0,15,18,3,1
Pinky,384,147,2024.06.08,NA,0.8,23,0,23,18,4,1
Pinky,276,167,2024.06.15,NA,0.8,10,0,10,18,5,1
Pinky,291,184,2024.06.18,NA,0.8,70,0,70,18,6,1
Pinky,437,254,2024.08.15,NA,0.8,2,0,2,18,7,1
Pinky,458,276,2024.08.19,NA,0.8,59,0,59,18,8,1
Pinky,501,303,2024.08.27,NA,0.8,28,0,28,18,9,1
Pinky,534,319,2024.08.30,NA,0.8,36,0,36,18,10,1
Pinky,398,356,2024.10.08,NA,0.8,39,0,39,18,11,1
Pinky,593,367,2024.10.09,NA,0.8,70,0,70,18,12,1
Pinky,639,407,2024.10.25,NA,0.8,14,0,14,18,13,1
Pinky,665,428,2024.10.28,NA,0.8,11,0,11,18,14,1
Pinky,421,564,2024.12.08,NA,0.8,54,0,54,18,15,1
Pinky,950,604,2024.12.19,NA,0.8,1,0,1,18,16,1
Pinky,966,612,2024.12.22,NA,0.8,30,0,30,18,17,1
Pinky,1143,719,2025.01.30,NA,0.8,42,0,42,18,18,1
Quindoline,1280,779,2025.03.05,NA,0,12,9,17,2,1,0.14285714285714285
Quindoline,1350,807,2025.03.23,NA,0,9,11,16,2,2,-0.1
Quindoline,161,115,2024.05.17,NA,0.2,1,0,1,10,1,1
Quindoline,874,233,2024.07.12,NA,0.2,0,1,1,10,2,-1
Quindoline,890,338,2024.09.12,NA,0.2,0,2,2,10,3,-1
Quindoline,662,430,2024.10.28,NA,0.2,0,1,1,10,4,-1
Quindoline,899,483,2024.11.12,NA,0.2,2,1,3,10,5,0.3333333333333333
Quindoline,829,536,2024.11.26,NA,0.2,0,5,5,10,6,-1
Quindoline,971,615,2024.12.29,NA,0.2,0,1,1,10,7,-1
Quindoline,1071,679,2025.01.16,NA,0.2,0,4,4,10,8,-1
Quindoline,1098,685,2025.01.17,NA,0.2,0,3,3,10,9,-1
Quindoline,1003,827,2025.05.01,NA,0.2,1,0,1,10,10,1
Quindoline,268,158,2024.06.14,12:59:56,0.6,1,0,1,10,1,1
Quindoline,290,181,2024.06.18,12:52:47,0.6,1,0,1,10,2,1
Quindoline,811,512,2024.11.22,11:15:53,0.6,1,0,1,10,3,1
Quindoline,NA,546,2024.12.02,16:10:00,0.6,1,0,1,10,4,1
Quindoline,NA,547,2024.12.02,NA,0.6,1,0,1,10,5,1
Quindoline,NA,548,2024.12.02,NA,0.6,1,0,1,10,6,1
Quindoline,NA,588,2024.12.15,NA,0.6,1,0,1,10,7,1
Quindoline,NA,589,2024.12.15,NA,0.6,1,0,1,10,8,1
Quindoline,NA,732,2025.02.11,09:10:00,0.6,1,0,1,10,9,1
Quindoline,NA,780,2025.03.06,14:41:00,0.6,1,0,1,10,10,1
Quindoline,370,9,2024.01.08,NA,0.8,52,0,52,26,1,1
Quindoline,92,85,2024.04.19,NA,0.8,19,0,19,26,2,1
Quindoline,161,114,2024.05.17,NA,0.8,47,0,47,26,3,1
Quindoline,174,123,2024.05.20,NA,0.8,84,0,84,26,4,1
Quindoline,290,185,2024.06.18,NA,0.8,71,3,74,26,5,0.918918918918919
Quindoline,307,197,2024.06.21,NA,0.8,81,0,81,26,6,1
Quindoline,316,209,2024.06.24,NA,0.8,30,0,30,26,7,1
Quindoline,874,232,2024.07.12,NA,0.8,24,0,24,26,8,1
Quindoline,446,260,2024.08.16,NA,0.8,56,0,56,26,9,1
Quindoline,454,270,2024.08.18,NA,0.8,91,0,91,26,10,1
Quindoline,495,294,2024.08.23,NA,0.8,96,0,96,26,11,1
Quindoline,521,311,2024.08.29,NA,0.8,46,0,46,26,12,1
Quindoline,890,337,2024.09.12,NA,0.8,98,0,98,26,13,1
Quindoline,405,357,2024.10.08,NA,0.8,5,0,5,26,14,1
Quindoline,625,381,2024.10.21,NA,0.8,65,0,65,26,15,1
Quindoline,645,408,2024.10.25,NA,0.8,2,0,2,26,16,1
Quindoline,662,429,2024.10.28,NA,0.8,12,0,12,26,17,1
Quindoline,248,468,2024.11.06,NA,0.8,103,0,103,26,18,1
Quindoline,899,482,2024.11.12,NA,0.8,38,0,38,26,19,1
Quindoline,811,518,2024.11.22,NA,0.8,27,0,27,26,20,1
Quindoline,829,535,2024.11.26,NA,0.8,29,0,29,26,21,1
Quindoline,1071,678,2025.01.16,NA,0.8,40,0,40,26,22,1
Quindoline,1098,684,2025.01.17,NA,0.8,15,0,15,26,23,1
Quindoline,1122,709,2025.01.26,NA,0.8,74,0,74,26,24,1
Quindoline,1216,741,2025.02.21,NA,0.8,38,0,38,26,25,1
Quindoline,1273,831,2025.05.03,NA,0.8,79,0,79,26,26,1
Robin,NA,768,2025.02.26,NA,0,23,5,27,3,1,0.6428571428571429
Robin,1266,774,2025.03.02,NA,0,1,0,1,3,2,1
Robin,1340,800,2025.03.20,NA,0,29,13,32,3,3,0.38095238095238093
Robin,707,26,2024.02.11,NA,0.2,0,15,15,6,1,-1
Robin,712,54,2024.04.11,NA,0.2,0,2,2,6,2,-1
Robin,810,519,2024.11.22,NA,0.2,0,2,2,6,3,-1
Robin,848,545,2024.11.30,NA,0.2,0,11,11,6,4,-1
Robin,949,599,2024.12.18,NA,0.2,0,1,1,6,5,-1
Robin,1086,686,2025.01.17,NA,0.2,0,1,1,6,6,-1
Robin,NA,2,2023.11.03,12:25:00,0.6,0,1,1,4,1,-1
Robin,NA,248,2024.08.10,NA,0.6,0,1,1,4,2,-1
Robin,NA,631,2025.01.03,NA,0.6,0,1,1,4,3,-1
Robin,1281,777,2025.03.05,15:18:53,0.6,0,1,1,4,4,-1
Robin,707,25,2024.02.11,NA,0.8,0,5,5,23,1,-1
Robin,21,40,2024.04.04,NA,0.8,0,49,49,23,2,-1
Robin,558,46,2024.04.09,NA,0.8,0,1,1,23,3,-1
Robin,83,79,2024.04.18,NA,0.8,0,35,35,23,4,-1
Robin,176,124,2024.05.20,NA,0.8,0,74,74,23,5,-1
Robin,379,148,2024.06.08,NA,0.8,0,1,1,23,6,-1
Robin,266,163,2024.06.14,NA,0.8,0,10,10,23,7,-1
Robin,331,215,2024.06.29,NA,0.8,0,19,19,23,8,-1
Robin,388,220,2024.07.08,NA,0.8,0,7,7,23,9,-1
Robin,505,304,2024.08.27,NA,0.8,0,48,48,23,10,-1
Robin,245,347,2024.10.06,NA,0.8,0,57,57,23,11,-1
Robin,598,368,2024.10.09,NA,0.8,0,16,16,23,12,-1
Robin,615,373,2024.10.20,NA,0.8,0,32,32,23,13,-1
Robin,626,398,2024.10.23,NA,0.8,0,43,43,23,14,-1
Robin,658,431,2024.10.28,NA,0.8,0,12,12,23,15,-1
Robin,416,472,2024.11.08,NA,0.8,0,38,38,23,16,-1
Robin,770,498,2024.11.18,NA,0.8,0,1,1,23,17,-1
Robin,821,530,2024.11.24,NA,0.8,0,19,19,23,18,-1
Robin,848,544,2024.11.30,NA,0.8,0,17,17,23,19,-1
Robin,45,551,2024.12.04,NA,0.8,0,9,9,23,20,-1
Robin,949,598,2024.12.18,NA,0.8,0,41,41,23,21,-1
Robin,964,614,2024.12.22,NA,0.8,0,57,57,23,22,-1
Robin,1142,720,2025.01.30,NA,0.8,0,17,17,23,23,-1
Santa,NA,666,2025.01.13,NA,0.4,7,0,7,3,1,1
Santa,1223,756,2025.02.22,NA,0.4,4,0,4,3,2,1
Santa,NA,757,2025.02.22,NA,0.4,6,1,6,3,3,0.7142857142857143
Santa,368,10,2024.01.08,NA,0.8,0,47,47,19,1,-1
Santa,124,99,2024.05.13,NA,0.8,0,14,14,19,2,-1
Santa,160,116,2024.05.17,NA,0.8,0,69,69,19,3,-1
Santa,185,134,2024.05.23,NA,0.8,0,58,58,19,4,-1
Santa,386,149,2024.06.08,NA,0.8,0,65,65,19,5,-1
Santa,280,178,2024.06.17,NA,0.8,0,48,48,19,6,-1
Santa,310,203,2024.06.22,NA,0.8,0,10,10,19,7,-1
Santa,461,277,2024.08.19,NA,0.8,0,35,35,19,8,-1
Santa,468,289,2024.08.22,NA,0.8,0,45,45,19,9,-1
Santa,887,339,2024.09.12,NA,0.8,0,57,57,19,10,-1
Santa,655,418,2024.10.26,NA,0.8,0,1,1,19,11,-1
Santa,676,447,2024.10.29,NA,0.8,0,10,10,19,12,-1
Santa,954,610,2024.12.20,NA,0.8,0,20,20,19,13,-1
Santa,1258,632,2025.01.03,NA,0.8,0,4,4,19,14,-1
Santa,1072,680,2025.01.16,NA,0.8,0,8,8,19,15,-1
Santa,1217,742,2025.02.21,NA,0.8,0,1,1,19,16,-1
Santa,1223,753,2025.02.22,NA,0.8,0,13,13,19,17,-1
Santa,1165,775,2025.03.02,NA,0.8,0,11,11,19,18,-1
Santa,1366,819,2025.03.27,NA,0.8,0,16,16,19,19,-1
Taipan,108,91,2024.05.09,NA,0,7,7,9,2,1,0
Taipan,1303,786,2025.03.10,NA,0,5,6,6,2,2,-0.09090909090909091
Taipan,NA,647,2025.01.08,NA,0.4,2,14,14,2,1,-0.75
Taipan,NA,663,2025.01.12,NA,0.4,5,12,12,2,2,-0.4117647058823529
Taipan,357,239,2024.07.23,15:49:10,0.6,2,0,2,2,1,1
Taipan,804,503,2024.11.21,16:16:06,0.6,1,0,1,2,2,1
Taipan,363,11,2024.01.08,NA,0.8,19,0,19,15,1,1
Taipan,25,41,2024.04.04,NA,0.8,45,0,45,15,2,1
Taipan,134,100,2024.05.13,NA,0.8,42,0,42,15,3,1
Taipan,170,125,2024.05.20,NA,0.8,59,0,59,15,4,1
Taipan,189,136,2024.05.26,NA,0.8,110,0,110,15,5,1
Taipan,396,221,2024.07.08,NA,0.8,43,0,43,15,6,1
Taipan,588,224,2024.07.09,NA,0.8,71,0,71,15,7,1
Taipan,357,243,2024.07.23,NA,0.8,10,0,10,15,8,1
Taipan,485,295,2024.08.23,NA,0.8,36,0,36,15,9,1
Taipan,123,341,2024.10.05,NA,0.8,84,0,84,15,10,1
Taipan,235,348,2024.10.06,NA,0.8,67,0,67,15,11,1
Taipan,804,509,2024.11.21,NA,0.8,29,0,29,15,12,1
Taipan,260,558,2024.12.06,NA,0.8,50,0,50,15,13,1
Taipan,984,724,2025.02.01,NA,0.8,32,0,32,15,14,1
Taipan,1024,834,2025.07.01,NA,0.8,95,0,95,15,15,1
Ted,689,453,2024.10.30,NA,0.2,0,7,7,3,1,-1
Ted,817,532,2024.11.24,NA,0.2,0,1,1,3,2,-1
Ted,1030,847,2025.08.01,NA,0.2,0,1,1,3,3,-1
Ted,NA,643,2025.01.06,NA,0.4,0,1,1,2,1,-1
Ted,NA,648,2025.01.08,NA,0.4,0,3,3,2,2,-1
Ted,NA,399,2024.10.23,NA,0.6,1,0,1,11,1,1
Ted,NA,454,2024.10.30,NA,0.6,1,0,1,11,2,1
Ted,NA,455,2024.10.30,NA,0.6,1,0,1,11,3,1
Ted,NA,462,2024.11.04,NA,0.6,1,0,1,11,4,1
Ted,NA,463,2024.11.04,NA,0.6,1,0,1,11,5,1
Ted,768,491,2024.11.16,08:31:43,0.6,2,0,2,11,6,1
Ted,NA,499,2024.11.18,NA,0.6,1,0,1,11,7,1
Ted,NA,500,2024.11.18,NA,0.6,1,0,1,11,8,1
Ted,NA,520,2024.11.22,NA,0.6,1,0,1,11,9,1
Ted,NA,521,2024.11.22,NA,0.6,1,0,1,11,10,1
Ted,NA,522,2024.11.22,NA,0.6,1,0,1,11,11,1
Ted,19,42,2024.04.04,NA,0.8,7,0,7,13,1,1
Ted,70,73,2024.04.17,NA,0.8,18,0,18,13,2,1
Ted,145,107,2024.05.16,NA,0.8,4,0,4,13,3,1
Ted,462,278,2024.08.19,NA,0.8,45,0,45,13,4,1
Ted,240,349,2024.10.06,NA,0.8,29,0,29,13,5,1
Ted,689,452,2024.10.30,NA,0.8,9,0,9,13,6,1
Ted,817,531,2024.11.24,NA,0.8,4,0,4,13,7,1
Ted,1260,633,2025.01.03,NA,0.8,1,0,1,13,8,1
Ted,1084,681,2025.01.16,NA,0.8,19,0,19,13,9,1
Ted,1120,703,2025.01.25,NA,0.8,32,0,32,13,10,1
Ted,1144,721,2025.01.30,NA,0.8,49,0,49,13,11,1
Ted,1230,758,2025.02.22,NA,0.8,4,0,4,13,12,1
Ted,1288,841,2025.07.03,NA,0.8,3,0,3,13,13,1
Tutu,1083,683,2025.01.16,NA,0.2,3,0,3,2,1,1
Tutu,1104,696,2025.01.20,NA,0.2,1,0,1,2,2,1
Tutu,93,87,2024.04.19,NA,0.8,15,0,15,9,1,1
Tutu,275,168,2024.06.15,NA,0.8,83,1,84,9,2,0.9761904761904762
Tutu,301,189,2024.06.19,NA,0.8,74,0,74,9,3,1
Tutu,1083,682,2025.01.16,NA,0.8,4,0,4,9,4,1
Tutu,1104,695,2025.01.20,NA,0.8,27,0,27,9,5,1
Tutu,1134,718,2025.01.27,NA,0.8,35,0,35,9,6,1
Tutu,1324,792,2025.03.15,NA,0.8,52,0,52,9,7,1
Tutu,1009,828,2025.05.01,NA,0.8,1,0,1,9,8,1
Tutu,1295,850,2025.09.03,NA,0.8,65,2,67,9,9,0.9402985074626866
Vula,165,126,2024.05.20,NA,0,1,3,4,2,1,-0.5
Vula,1338,801,2025.03.20,NA,0,4,16,20,2,2,-0.6
Vula,603,325,2024.09.10,12:32:51,0.6,0,2,2,2,1,-1
Vula,1010,634,2025.01.05,10:15:52,0.6,0,1,1,2,2,-1
Vula,146,109,2024.05.16,NA,0.8,0,45,45,26,1,-1
Vula,265,164,2024.06.14,NA,0.8,0,12,12,26,2,-1
Vula,278,179,2024.06.17,NA,0.8,0,66,66,26,3,-1
Vula,305,198,2024.06.21,NA,0.8,0,34,34,26,4,-1
Vula,326,210,2024.06.26,NA,0.8,0,88,88,26,5,-1
Vula,353,244,2024.07.23,NA,0.8,0,40,40,26,6,-1
Vula,445,261,2024.08.16,NA,0.8,0,111,111,26,7,-1
Vula,452,271,2024.08.18,NA,0.8,0,89,89,26,8,-1
Vula,487,296,2024.08.23,NA,0.8,0,92,92,26,9,-1
Vula,503,305,2024.08.27,NA,0.8,0,25,25,26,10,-1
Vula,517,312,2024.08.29,NA,0.8,0,35,35,26,11,-1
Vula,533,320,2024.08.30,NA,0.8,0,46,46,26,12,-1
Vula,238,350,2024.10.06,NA,0.8,0,128,128,26,13,-1
Vula,401,358,2024.10.08,NA,0.8,0,86,86,26,14,-1
Vula,640,409,2024.10.25,NA,0.8,0,87,87,26,15,-1
Vula,663,432,2024.10.28,NA,0.8,0,49,49,26,16,-1
Vula,898,484,2024.11.12,NA,0.8,0,69,69,26,17,-1
Vula,797,510,2024.11.21,NA,0.8,0,30,30,26,18,-1
Vula,425,565,2024.12.08,NA,0.8,0,82,82,26,19,-1
Vula,910,583,2024.12.13,NA,0.8,0,89,89,26,20,-1
Vula,1123,710,2025.01.26,NA,0.8,0,39,39,26,21,-1
Vula,986,725,2025.02.01,NA,0.8,0,3,3,26,22,-1
Vula,1220,759,2025.02.22,NA,0.8,0,55,55,26,23,-1
Vula,1368,820,2025.03.27,NA,0.8,0,2,2,26,24,-1
Vula,1010,829,2025.05.01,NA,0.8,0,6,6,26,25,-1
Vula,1055,865,2025.12.01,NA,0.8,0,84,84,26,26,-1
Whitney,NA,649,2025.01.08,NA,0.4,0,7,7,3,1,-1
Whitney,NA,664,2025.01.12,NA,0.4,0,1,1,3,2,-1
Whitney,NA,690,2025.01.19,NA,0.4,1,0,1,3,3,1
Whitney,333,4,2024.01.07,NA,0.8,50,0,50,28,1,1
Whitney,11,37,2024.03.31,NA,0.8,37,0,37,28,2,1
Whitney,710,55,2024.04.11,NA,0.8,4,0,4,28,3,1
Whitney,88,81,2024.04.18,NA,0.8,24,0,24,28,4,1
Whitney,148,110,2024.05.16,NA,0.8,57,0,57,28,5,1
Whitney,172,127,2024.05.20,NA,0.8,70,0,70,28,6,1
Whitney,584,156,2024.06.09,NA,0.8,18,0,18,28,7,1
Whitney,273,169,2024.06.15,NA,0.8,62,0,62,28,8,1
Whitney,287,180,2024.06.17,NA,0.8,62,0,62,28,9,1
Whitney,300,190,2024.06.19,NA,0.8,54,5,59,28,10,0.8305084745762712
Whitney,313,204,2024.06.22,NA,0.8,66,0,66,28,11,1
Whitney,866,236,2024.07.12,NA,0.8,2,0,2,28,12,1
Whitney,350,238,2024.07.21,NA,0.8,33,0,33,28,13,1
Whitney,433,250,2024.08.13,NA,0.8,95,0,95,28,14,1
Whitney,447,262,2024.08.16,NA,0.8,46,0,46,28,15,1
Whitney,486,297,2024.08.23,NA,0.8,5,0,5,28,16,1
Whitney,648,410,2024.10.25,NA,0.8,38,0,38,28,17,1
Whitney,418,473,2024.11.08,NA,0.8,16,0,16,28,18,1
Whitney,819,533,2024.11.24,NA,0.8,20,0,20,28,19,1
Whitney,46,552,2024.12.04,NA,0.8,3,0,3,28,20,1
Whitney,740,578,2024.12.11,NA,0.8,88,0,88,28,21,1
Whitney,1087,687,2025.01.17,NA,0.8,59,0,59,28,22,1
Whitney,1115,704,2025.01.25,NA,0.8,5,0,5,28,23,1
Whitney,994,772,2025.03.01,NA,0.8,59,0,59,28,24,1
Whitney,1348,808,2025.03.23,NA,0.8,39,0,39,28,25,1
Whitney,1362,817,2025.03.26,NA,0.8,25,0,25,28,26,1
Whitney,1026,835,2025.07.01,NA,0.8,37,0,37,28,27,1
Whitney,1296,851,2025.09.03,NA,0.8,13,0,13,28,28,1
Yaiko,NA,787,2025.03.12,NA,0,5,1,6,2,1,0.6666666666666666
Yaiko,1342,802,2025.03.20,NA,0,2,0,2,2,2,1
Yaiko,721,57,2024.04.11,NA,0.2,3,0,3,3,1,1
Yaiko,977,619,2024.12.30,NA,0.2,1,0,1,3,2,1
Yaiko,1246,767,2025.02.25,NA,0.2,2,0,2,3,3,1
Yaiko,NA,620,2024.12.30,NA,0.4,7,0,7,3,1,1
Yaiko,NA,665,2025.01.12,NA,0.4,2,0,2,3,2,1
Yaiko,NA,675,2025.01.15,NA,0.4,10,0,10,3,3,1
Yaiko,369,12,2024.01.08,NA,0.8,43,0,43,27,1,1
Yaiko,555,47,2024.04.09,NA,0.8,44,0,44,27,2,1
Yaiko,721,56,2024.04.11,NA,0.8,8,0,8,27,3,1
Yaiko,69,74,2024.04.17,NA,0.8,46,0,46,27,4,1
Yaiko,175,128,2024.05.20,NA,0.8,81,0,81,27,5,1
Yaiko,378,150,2024.06.08,NA,0.8,39,0,39,27,6,1
Yaiko,272,170,2024.06.15,NA,0.8,24,0,24,27,7,1
Yaiko,292,186,2024.06.18,NA,0.8,64,0,64,27,8,1
Yaiko,589,225,2024.07.09,NA,0.8,30,0,30,27,9,1
Yaiko,38,247,2024.08.04,NA,0.8,57,0,57,27,10,1
Yaiko,434,251,2024.08.13,NA,0.8,52,0,52,27,11,1
Yaiko,450,272,2024.08.18,NA,0.8,59,0,59,27,12,1
Yaiko,523,313,2024.08.29,NA,0.8,7,0,7,27,13,1
Yaiko,400,359,2024.10.08,NA,0.8,51,0,51,27,14,1
Yaiko,652,419,2024.10.26,NA,0.8,11,0,11,27,15,1
Yaiko,660,433,2024.10.28,NA,0.8,1,0,1,27,16,1
Yaiko,690,456,2024.10.30,NA,0.8,2,0,2,27,17,1
Yaiko,799,511,2024.11.21,NA,0.8,28,0,28,27,18,1
Yaiko,807,523,2024.11.22,NA,0.8,4,0,4,27,19,1
Yaiko,58,553,2024.12.04,NA,0.8,71,0,71,27,20,1
Yaiko,939,600,2024.12.18,NA,0.8,0,2,2,27,21,-1
Yaiko,977,618,2024.12.30,NA,0.8,43,0,43,27,22,1
Yaiko,1202,737,2025.02.17,NA,0.8,23,0,23,27,23,1
Yaiko,1225,760,2025.02.22,NA,0.8,1,0,1,27,24,1
Yaiko,1246,766,2025.02.25,NA,0.8,33,0,33,27,25,1
Yaiko,1352,812,2025.03.24,NA,0.8,9,0,9,27,26,1
Yaiko,1370,821,2025.03.27,NA,0.8,14,0,14,27,27,1
